Title,Link,Job Type,Campany,Location
Data Scientist,https://wuzzuf.net/jobs/p/oXGuBSKjYv5b-Data-Scientist-Lumin-Giza-Egypt,Full TimeHybrid,Lumin -,"Sheikh Zayed, Giza, Egypt "
NLP Engineer,https://wuzzuf.net/jobs/p/ywB9F5j7XC4y-NLP-Engineer-Lumin-Giza-Egypt,Full TimeHybrid,Lumin -,"Sheikh Zayed, Giza, Egypt "
R&D Engineer,https://wuzzuf.net/jobs/p/uKx9I6RLN5eF-RD-Engineer-Micro-Engineering-Cairo-Egypt,Full TimeHybrid,Micro Engineering -,"Heliopolis, Cairo, Egypt "
Data Science Instructor,https://wuzzuf.net/jobs/p/xoIsNVxK5IYt-Data-Science-Instructor-EpsilonAI-Cairo-Egypt,Full TimePart TimeHybrid,EpsilonAI -,"Nasr City, Cairo, Egypt "
Senior AI Engineer,https://wuzzuf.net/jobs/p/AazuNNyHgw8m-Senior-AI-Engineer-Lumin-Giza-Egypt,Full TimeHybrid,Lumin -,"Sheikh Zayed, Giza, Egypt "
Machine Learning Engineer,https://wuzzuf.net/jobs/p/g/9syguW7fp4GZ-Machine-Learning-Engineer-HackerPulse-Kuwait-City-Kuwait,Full Time,HackerPulse -,"Kuwait City, Kuwait "
Senior Data Scientist - Hybrid,https://wuzzuf.net/jobs/p/vNVfWIIz9Knf-Senior-Data-Scientist---Hybrid-Seoudi-Supermarket-Giza-Egypt,Full TimeHybrid,Seoudi Supermarket -,"Sheikh Zayed, Giza, Egypt "
Senior Machine Learning,https://wuzzuf.net/jobs/p/g/VryVL24RmN1i-Senior-Machine-Learning-Velents-Cairo-Egypt,Full Time,Velents -,"Cairo, Egypt "
Python & Machine Learning Developer,https://wuzzuf.net/jobs/p/g/MdHUkTLnHgKV-Python-Machine-Learning-Developer-Jadeer-Cairo-Egypt,Full Time,Jadeer -,"Cairo, Egypt "
Senior Machine Learning Engineer,https://wuzzuf.net/jobs/p/g/PNYm596Aftng-Senior-Machine-Learning-Engineer-Siemens-Digital-Industries-Software-Cairo-Egypt,Full Time,Siemens Digital Industries Software -,"Cairo, Egypt "
Machine Learning Engineer _VOIS,https://wuzzuf.net/jobs/p/g/oipwfNShOAiy-Machine-Learning-Engineer-VOIS-VOIS-Cairo-Egypt,Full Time,_VOIS -,"Cairo, Egypt "
Machine Learning Engineer,https://wuzzuf.net/jobs/p/g/Si0VE4SrBnsm-Machine-Learning-Engineer-Siemens-Digital-Industries-Software-Cairo-Egypt,Full Time,Siemens Digital Industries Software -,"Cairo, Egypt "
Junior AI,https://wuzzuf.net/jobs/p/ikG52hDCEsIp-Junior-AI-Nahdet-Misr-Publishing-Group-Giza-Egypt,Full TimeOn-site,Nahdet Misr Publishing Group -,"Mohandessin, Giza, Egypt "
Senior Learning Leader,https://wuzzuf.net/jobs/p/g/TWi3qc71Nzz1-Senior-Learning-Leader-Oracle-Dubai-United-Arab-Emirates,Full Time,Oracle -,"Dubai, United Arab Emirates "
Learning & Development Manager- Hospitality,https://wuzzuf.net/jobs/p/g/Znn5KCXi3wZq-Learning-Development-Manager--Hospitality-The-First-Group-Dubai-United-Arab-Emirates,Full Time,The First Group -,"Dubai, United Arab Emirates "
Learning & Development Supervisor,https://wuzzuf.net/jobs/p/g/FQJL8nOGTY1J-Learning-Development-Supervisor-NuCorp-Riyadh-Saudi-Arabia,Full Time,NuCorp -,"Riyadh, Saudi Arabia "
DevOps Engineer,https://wuzzuf.net/jobs/p/cuqKraSzynNt-DevOps-Engineer-34ML-Cairo-Egypt,Full TimeHybrid,34ML -,"Heliopolis, Cairo, Egypt "
Learning & Development Manager | Retail | Marks & Spencer Riyadh,https://wuzzuf.net/jobs/p/g/Z19KL7RnMcJd-Learning-Development-Manager-Retail-Marks-Spencer-Riyadh-Al-Futtaim-Health-Riyadh-Saudi-Arabia,Full Time,Al-Futtaim Health -,"Riyadh, Saudi Arabia "
Learning & Development Coordinator (UAE National),https://wuzzuf.net/jobs/p/g/gbK5HmBkMIaQ-Learning-Development-Coordinator-UAE-National-Turner-Townsend-Dubai-United-Arab-Emirates,Full Time,Turner & Townsend -,"Dubai, United Arab Emirates "
Senior Learning & Development Executive,https://wuzzuf.net/jobs/p/g/uNvYL9WJe8ut-Senior-Learning-Development-Executive-Magrabi-Retail-Cairo-Egypt,Full Time,Magrabi Retail -,"Cairo, Egypt "
Senior Learning & Development Executive,https://wuzzuf.net/jobs/p/g/PCx58hJKibko-Senior-Learning-Development-Executive-MAGRABi-Retail-Group-Cairo-Egypt,Full Time,MAGRABi Retail Group -,"Cairo, Egypt "
"Learning & Development Advisor, Riyadh",https://wuzzuf.net/jobs/p/g/KmkTvX4y3AEP-Learning-Development-Advisor-Riyadh-Clyde-Co-Riyadh-Saudi-Arabia,Full Time,Clyde & Co -,"Riyadh, Saudi Arabia "
Learning & Development Analyst - HR,https://wuzzuf.net/jobs/p/g/YeCSqOVTUOtB-Learning-Development-Analyst---HR-Skill-Farm-Cairo-Egypt,Full Time,Skill Farm -,"Cairo, Egypt "
Learning & Development Manager,https://wuzzuf.net/jobs/p/g/hgZLKBZLWA9y-Learning-Development-Manager-ANdAZ-Dubai-United-Arab-Emirates,Full Time,ANdAZ -,"Dubai, United Arab Emirates "
Artificial Intelligence and Robotic,https://wuzzuf.net/jobs/p/g/Rm45wU68Wcft-Artificial-Intelligence-and-Robotic-Astute-Human-Capital-Consultancy-LLC-Dubai-United-Arab-Emirates,Full Time,Astute Human Capital Consultancy LLC -,"Dubai, United Arab Emirates "
Artificial Intelligence Engineer,https://wuzzuf.net/jobs/p/g/cJxKacP4SRfW-Artificial-Intelligence-Engineer-additiv-Dubai-United-Arab-Emirates,Full Time,additiv -,"Dubai, United Arab Emirates "
Remote Data Scientist,https://wuzzuf.net/jobs/p/g/DwakoUpuAjUC-Remote-Data-Scientist-Turing-Cairo-Egypt,Full Time,Turing -,"Cairo, Egypt "
Data Scientist - BCG X,https://wuzzuf.net/jobs/p/g/EnmeRC7hjU8r-Data-Scientist---BCG-X-BCG-X-Dubai-United-Arab-Emirates,Full Time,BCG X -,"Dubai, United Arab Emirates "
Senior Data Scientist,https://wuzzuf.net/jobs/p/g/EWKKslZ1okAi-Senior-Data-Scientist-Siemens-Digital-Industries-Software-Cairo-Egypt,Full Time,Siemens Digital Industries Software -,"Cairo, Egypt "
SASE Engineer with Python,https://wuzzuf.net/jobs/p/g/dB8mgkAA2rbZ-SASE-Engineer-with-Python-CodiLime-Cairo-Egypt,Freelance / Project,CodiLime -,"Cairo, Egypt "
Artificial Intelligence Engineer,https://wuzzuf.net/jobs/p/g/5dvDGA15Ua83-Artificial-Intelligence-Engineer-iHR-International-Human-Resources-Riyadh-Saudi-Arabia,Full Time,iHR (International Human Resources) -,"Riyadh, Saudi Arabia "
Data Scientist,https://wuzzuf.net/jobs/p/g/kt5PZTOa0wlb-Data-Scientist-High5-Dubai-United-Arab-Emirates,Full Time,High5 -,"Dubai, United Arab Emirates "
Automation Engineer,https://wuzzuf.net/jobs/p/FPBoQ8ivhcb0-Automation-Engineer-Giza-Egypt,Full TimeOn-site,Confidential -,"Giza, Egypt "
Real Time Optimization Engineer,https://wuzzuf.net/jobs/p/g/TUcK1b1tMn75-Real-Time-Optimization-Engineer-ICM-People-do-Brasil-Riyadh-Saudi-Arabia,Full Time,ICM People do Brasil -,"Riyadh, Saudi Arabia "
Data Scientist - Operations Research,https://wuzzuf.net/jobs/p/g/rLctVgZRqgja-Data-Scientist---Operations-Research-Ahoy-Dubai-United-Arab-Emirates,Full Time,Ahoy -,"Dubai, United Arab Emirates "
Data Scientist,https://wuzzuf.net/jobs/p/g/FtOX9MywPuxL-Data-Scientist-SupportFinity™-Cairo-Egypt,Full Time,SupportFinity™ -,"Cairo, Egypt "
Senior Data Scientist,https://wuzzuf.net/jobs/p/g/NuqjjurmxEVr-Senior-Data-Scientist-KPMG-Lower-Gulf-Dubai-United-Arab-Emirates,Full Time,KPMG Lower Gulf -,"Dubai, United Arab Emirates "
"Surveyor I, Senior",https://wuzzuf.net/jobs/p/g/Fx8mWUyMghlz-Surveyor-I-Senior-American-Bureau-of-Shipping-ABS-Alexandria-Egypt,Full Time,American Bureau of Shipping (ABS) -,"Alexandria, Egypt "
Scientist - (Munitions),https://wuzzuf.net/jobs/p/g/LhBd4Av0kdwo-Scientist---Munitions-HALCON-Dubai-United-Arab-Emirates,Full Time,HALCON -,"Dubai, United Arab Emirates "
Data Scientist -uae,https://wuzzuf.net/jobs/p/g/27uXHaGLyGGw-Data-Scientist--uae-archcorp-Dubai-United-Arab-Emirates,Full Time,archcorp -,"Dubai, United Arab Emirates "
Big Data AI Developer,https://wuzzuf.net/jobs/p/g/Vnb7E2NppERB-Big-Data-AI-Developer-CBS-Comprehensive-Business-Services-Riyadh-Saudi-Arabia,Full Time,CBS Comprehensive Business Services -,"Riyadh, Saudi Arabia "
Data Scientist,https://wuzzuf.net/jobs/p/g/9W12S2MNk5be-Data-Scientist-Mendel-ai-Cairo-Egypt,Full Time,Mendel.ai -,"Cairo, Egypt "
Protein Design- Senior Scientist,https://wuzzuf.net/jobs/p/g/bGcEVxx5afoW-Protein-Design--Senior-Scientist-Amgen-Cairo-Egypt,Full Time,Amgen -,"Cairo, Egypt "
Reservoir Engineer I,https://wuzzuf.net/jobs/p/g/rDkmE2YQY6sn-Reservoir-Engineer-I-North-Oil-Company-Qatar-Doha-Qatar,Full Time,North Oil Company Qatar -,"Doha, Qatar "
Python Data Enginer,https://wuzzuf.net/jobs/p/g/Bw6T3uUSl1dJ-Python-Data-Enginer-Virtusa-Dubai-United-Arab-Emirates,Full Time,Virtusa -,"Dubai, United Arab Emirates "
Principal Data Scientist,https://wuzzuf.net/jobs/p/g/b7RdeV98ItbT-Principal-Data-Scientist-Core42-Dubai-United-Arab-Emirates,Full Time,Core42 -,"Dubai, United Arab Emirates "
Senior Data Scientist - Signal Processing,https://wuzzuf.net/jobs/p/g/vwWPXVfWGqrj-Senior-Data-Scientist---Signal-Processing-Halian-Dubai-United-Arab-Emirates,Full Time,Halian -,"Dubai, United Arab Emirates "
Senior Data Scientist,https://wuzzuf.net/jobs/p/g/MY2cSL4UAOvX-Senior-Data-Scientist-Valeo-Cairo-Egypt,Full Time,Valeo -,"Cairo, Egypt "
Data Annotator,https://wuzzuf.net/jobs/p/g/yWN9fIzBvCR3-Data-Annotator-Truelancer-com-Cairo-Egypt,Full Time,Truelancer.com -,"Cairo, Egypt "
Customer Facing Learning & Development,https://wuzzuf.net/jobs/p/g/kaTXe4hjf3dt-Customer-Facing-Learning-Development-Nestlé-Nespresso-SA-Dubai-United-Arab-Emirates,Full Time,Nestlé Nespresso SA -,"Dubai, United Arab Emirates "
Devops Engineer,https://wuzzuf.net/jobs/p/G6VF6XVdVVau-Devops-Engineer-Astralyx-Cairo-Egypt,Full TimeRemote,Astralyx -,"Cairo, Egypt "
AI Research Lead,https://wuzzuf.net/jobs/p/T7yvkRVzZZUf-AI-Research-Lead-Nahdet-Misr-Publishing-Group-Giza-Egypt,Full TimeHybrid,Nahdet Misr Publishing Group -,"Mohandessin, Giza, Egypt "
Full Stack Developer,https://wuzzuf.net/jobs/p/4DcAZeENidGx-Full-Stack-Developer-Astralyx-Cairo-Egypt,Full TimeRemote,Astralyx -,"Cairo, Egypt "
Artificial Intelligence Engineer,https://wuzzuf.net/jobs/p/SDoAzZM2h8MK-Artificial-Intelligence-Engineer-Arabia-for-Information-Technology-Cairo-Egypt,Full TimeHybrid,Arabia for Information Technology -,"Cairo, Egypt "
Cost Accountant,https://wuzzuf.net/jobs/p/8sMFw6RHUU7T-Cost-Accountant-Selah-ElTelmeez-For-Publishing-printing-Cairo-Egypt,Full TimeOn-site,Selah ElTelmeez For Publishing & printing -,"Obour City, Cairo, Egypt "
Logistics Manager,https://wuzzuf.net/jobs/p/qzUDU23xs5RA-Logistics-Manager-Giza-Cable-Industries-Giza-Egypt,Full TimeOn-site,Giza Cable Industries -,"Dokki, Giza, Egypt "
Data Analyst,https://wuzzuf.net/jobs/p/wI3Thsl5lvm8-Data-Analyst-Giza-Egypt,Full TimeHybrid,Confidential -,"Mohandessin, Giza, Egypt "
AI Web Developer,https://wuzzuf.net/jobs/p/QvG9WO6JL0B6-AI-Web-Developer-Finding-From-Egy-Alexandria-Egypt,Full TimeOn-site,Finding From Egy  -,"Smouha, Alexandria, Egypt "
AI Business Consultant,https://wuzzuf.net/jobs/p/vX0V8Lf6hhhY-AI-Business-Consultant-Noases-Cairo-Egypt,Full TimeHybrid,Noases -,"Nasr City, Cairo, Egypt "
Pavement Remote Inspection Engineer,https://wuzzuf.net/jobs/p/FPc1eJ8rBNqu-Pavement-Remote-Inspection-Engineer-StreetScan-Cairo-Egypt,Full TimeOn-site,StreetScan -,"New Cairo, Cairo, Egypt "
Sewing Trainer,https://wuzzuf.net/jobs/p/Jpma9sYPahzW-Sewing-Trainer-Jade-Textile-Egypt-Ismailia-Egypt,Full TimeOn-site,Jade Textile Egypt -,"Ismailia, Ismailia, Egypt "
Production Specialist,https://wuzzuf.net/jobs/p/vD6SigK3pa0m-Production-Specialist-Sharqia-Egypt,Full TimeOn-site,Confidential -,"10th of Ramadan City, Sharqia, Egypt "
Maintenance Engineer,https://wuzzuf.net/jobs/p/fUJ33PELst0F-Maintenance-Engineer-Promech-Engineering-Cairo-Egypt,Full TimeOn-site,Promech Engineering -,"Maadi, Cairo, Egypt "
AI Technical Team Lead (Computer Vision Focus & NLP),https://wuzzuf.net/jobs/p/ZF3tACCcqxSi-AI-Technical-Team-Lead-Computer-Vision-Focus-NLP-Lumin-Giza-Egypt,Full TimeHybrid,Lumin -,"Sheikh Zayed, Giza, Egypt "
Senior Quality Control Engineer,https://wuzzuf.net/jobs/p/USRsOkeSa9Tv-Senior-Quality-Control-Engineer-MB-for-Engineering-Giza-Egypt,Full TimeOn-site,MB for Engineering -,"6th of October, Giza, Egypt "
Junior Sales Solution,https://wuzzuf.net/jobs/p/ojtxa2PWhWEJ-Junior-Sales-Solution-Gulf-Data-International-Cairo-Egypt,Full TimeHybrid,Gulf Data International  -,"Heliopolis, Cairo, Egypt "
Mechanical Maintenance Engineer,https://wuzzuf.net/jobs/p/bqERjJlOUHR2-Mechanical-Maintenance-Engineer-Food-Basket-Egypt-Giza-Egypt,Full TimeOn-site,Food Basket Egypt -,"6th of October, Giza, Egypt "
Senior Backend Laravel Developer (Experienced),https://wuzzuf.net/jobs/p/638v9Befd96j-Senior-Backend-Laravel-Developer-Experienced-Road9-Media-Cairo-Egypt,Full TimeRemote,Road9 Media -,"Maadi, Cairo, Egypt "
Frontend Developer - Jeddah,https://wuzzuf.net/jobs/p/g/EesWL8D0FXzv-Frontend-Developer---Jeddah-Lucidya-Riyadh-Saudi-Arabia,Full Time,Lucidya -,"Riyadh, Saudi Arabia "
Azure Cloud Software Developer,https://wuzzuf.net/jobs/p/GYoMW7RXvBEp-Azure-Cloud-Software-Developer-TetherView-Trenton-United-States,Full TimeFreelance / ProjectRemote,TetherView -,"Trenton, United States "
Project Manager,https://wuzzuf.net/jobs/p/g/OE9g0XPiRYq2-Project-Manager-Lucidya-Riyadh-Saudi-Arabia,Full Time,Lucidya -,"Riyadh, Saudi Arabia "
Data Engineer - Global/Remote,https://wuzzuf.net/jobs/p/g/eoiZTUXaTsfw-Data-Engineer---GlobalRemote-MixRank-Cairo-Egypt,Full Time,MixRank -,"Cairo, Egypt "
Software Engineer - Backend (Jeddah),https://wuzzuf.net/jobs/p/g/64ZfnT7tfz6z-Software-Engineer---Backend-Jeddah-Lucidya-Riyadh-Saudi-Arabia,Full Time,Lucidya -,"Riyadh, Saudi Arabia "
Maintenance Section Head (Electrical-Mechanical),https://wuzzuf.net/jobs/p/zuHiAR1T6CC6-Maintenance-Section-Head-Electrical-Mechanical-Evyap-Egypt-Alexandria-Egypt,Full TimeOn-site,Evyap Egypt -,"Bourj Alarab, Alexandria, Egypt "
Embedded Software Engineer – Secure Run-time Assurance Team,https://wuzzuf.net/jobs/p/g/9SIlZ8AfjjKK-Embedded-Software-Engineer-–-Secure-Run-time-Assurance-Team-Unikie-Dubai-United-Arab-Emirates,Full Time,Unikie -,"Dubai, United Arab Emirates "
Frontend Developer - Jeddah,https://wuzzuf.net/jobs/p/g/qrJOabIOV1Hg-Frontend-Developer---Jeddah-Lucidya-LLC-Jeddah-Saudi-Arabia,Full Time,Lucidya LLC. -,"Jeddah, Saudi Arabia "
Chinese Speaking Data Analyst (Dubai/Batumi),https://wuzzuf.net/jobs/p/g/jz5FxpHK4uWk-Chinese-Speaking-Data-Analyst-DubaiBatumi-Recruiter4You-Dubai-United-Arab-Emirates,Full Time,Recruiter4You -,"Dubai, United Arab Emirates "
Freelance QA Reviewer - Arabic (Gulf),https://wuzzuf.net/jobs/p/g/cSuJXI1XScJw-Freelance-QA-Reviewer---Arabic-Gulf-TransPerfect-Dubai-United-Arab-Emirates,Freelance / Project,TransPerfect -,"Dubai, United Arab Emirates "
AI & ML Engineer,https://wuzzuf.net/jobs/p/g/2bBxrtguhjeU-AI-ML-Engineer-High5-Dubai-United-Arab-Emirates,Full Time,High5 -,"Dubai, United Arab Emirates "
Human Resources (HR) Manager,https://wuzzuf.net/jobs/p/g/1h0SehweSWuL-Human-Resources-HR-Manager-Lucidya-Riyadh-Saudi-Arabia,Full Time,Lucidya -,"Riyadh, Saudi Arabia "
Junior Software Engineer - Global/Remote,https://wuzzuf.net/jobs/p/g/SLT2KHpARxBO-Junior-Software-Engineer---GlobalRemote-MixRank-Cairo-Egypt,Full Time,MixRank -,"Cairo, Egypt "
Data and MLOps Engineer,https://wuzzuf.net/jobs/p/g/K3PrO0x0cU2t-Data-and-MLOps-Engineer-Valify-Solutions-Cairo-Egypt,Full Time,Valify Solutions -,"Cairo, Egypt "
System Administrator - Jeddah,https://wuzzuf.net/jobs/p/g/EODufHU3i1h2-System-Administrator---Jeddah-Lucidya-Riyadh-Saudi-Arabia,Full Time,Lucidya -,"Riyadh, Saudi Arabia "
Senior Technical Program Manager,https://wuzzuf.net/jobs/p/g/BcOHR60JlbDH-Senior-Technical-Program-Manager-aiXplain-Dubai-United-Arab-Emirates,Full Time,aiXplain -,"Dubai, United Arab Emirates "
Software Engineer - Backend (Jeddah),https://wuzzuf.net/jobs/p/g/WyVmzqcDpXj1-Software-Engineer---Backend-Jeddah-Lucidya-LLC-Jeddah-Saudi-Arabia,Full Time,Lucidya LLC. -,"Jeddah, Saudi Arabia "
Business Analyst - Technology,https://wuzzuf.net/jobs/p/g/Apki6g6Pjpl5-Business-Analyst---Technology-Skill-Farm-Dubai-United-Arab-Emirates,Full Time,Skill Farm -,"Dubai, United Arab Emirates "
Data Analyst/Scientist - Private Equity,https://wuzzuf.net/jobs/p/g/E1coYIY3PG2x-Data-AnalystScientist---Private-Equity-Skill-Farm-Dubai-United-Arab-Emirates,Full Time,Skill Farm -,"Dubai, United Arab Emirates "
"Software Engineer ""Backend Engineer""",https://wuzzuf.net/jobs/p/g/vLv89rwM5EoG-Software-Engineer-Backend-Engineer-Incorta-Inc-Cairo-Egypt,Full Time,Incorta Inc -,"Cairo, Egypt "
Senior Data Engineer,https://wuzzuf.net/jobs/p/g/mzoJgIAbkLsd-Senior-Data-Engineer-DXC-Technology-Cairo-Egypt,Full Time,DXC Technology -,"Cairo, Egypt "
Technical Recruiter,https://wuzzuf.net/jobs/p/g/OoCLNRvIALx9-Technical-Recruiter-Ahoy-Dubai-United-Arab-Emirates,Full Time,Ahoy -,"Dubai, United Arab Emirates "
Statistician,https://wuzzuf.net/jobs/p/g/HwQQoEEGXsWX-Statistician-The-Professionals-Riyadh-Saudi-Arabia,Full Time,The Professionals -,"Riyadh, Saudi Arabia "
Talent Acquisition Partner,https://wuzzuf.net/jobs/p/g/nf8GrmgGnpqr-Talent-Acquisition-Partner-almentor-Cairo-Egypt,Full Time,almentor -,"Cairo, Egypt "
Incoming Inspector,https://wuzzuf.net/jobs/p/g/AS1IlAFEC74i-Incoming-Inspector-Lucy-Electric-Riyadh-Saudi-Arabia,Full Time,Lucy Electric -,"Riyadh, Saudi Arabia "
Data Science Analytics Analyst,https://wuzzuf.net/jobs/p/g/ly9lE2k0IiAr-Data-Science-Analytics-Analyst-Accenture-Middle-East-Dubai-United-Arab-Emirates,Full Time,Accenture Middle East -,"Dubai, United Arab Emirates "
Cloud Architect,https://wuzzuf.net/jobs/p/g/taxILeDZZPBx-Cloud-Architect-SupportFinity™-Cairo-Egypt,Full Time,SupportFinity™ -,"Cairo, Egypt "
Associate - Data Analytics,https://wuzzuf.net/jobs/p/g/mVH1oomD08tA-Associate---Data-Analytics-D360-Bank-Riyadh-Saudi-Arabia,Full Time,D360 Bank -,"Riyadh, Saudi Arabia "
"Undergraduate Intern Technical (OpenVINO, Neural Network Compression Tools) trainee",https://wuzzuf.net/jobs/p/g/pkLnZUaNNHKY-Undergraduate-Intern-Technical-OpenVINO-Neural-Network-Compression-Tools-trainee-Intel-Corporation-Dubai-United-Arab-Emirates,Part Time,Intel Corporation -,"Dubai, United Arab Emirates "
ASC - Data Scientist,https://wuzzuf.net/jobs/p/g/aiKMhphCmG8j-ASC---Data-Scientist-WhiteCrow-Research-Riyadh-Saudi-Arabia,Full Time,WhiteCrow Research -,"Riyadh, Saudi Arabia "
System Administrator - Jeddah,https://wuzzuf.net/jobs/p/g/dog6gEWKZOnq-System-Administrator---Jeddah-Lucidya-LLC-Jeddah-Saudi-Arabia,Full Time,Lucidya LLC. -,"Jeddah, Saudi Arabia "
Product Analyst - Fintech,https://wuzzuf.net/jobs/p/g/TPAWRXOPe36C-Product-Analyst---Fintech-M-KOPA-Cairo-Egypt,Full Time,M-KOPA -,"Cairo, Egypt "
HVAC Technician,https://wuzzuf.net/jobs/p/g/rvirfVGmXsby-HVAC-Technician-Sofitel-Marrakech-Dubai-United-Arab-Emirates,Full Time,Sofitel Marrakech -,"Dubai, United Arab Emirates "
Product Analyst - Repayments,https://wuzzuf.net/jobs/p/g/z6u0shBWRzq8-Product-Analyst---Repayments-M-KOPA-Cairo-Egypt,Full Time,M-KOPA -,"Cairo, Egypt "
Senior DevOps Engineer,https://wuzzuf.net/jobs/p/g/Mc24IuYgZpnw-Senior-DevOps-Engineer-Agolo-Cairo-Egypt,Full Time,Agolo -,"Cairo, Egypt "
Data Science Analytics Analyst,https://wuzzuf.net/jobs/p/g/jaQqjtcGhG3L-Data-Science-Analytics-Analyst-Accenture-Abu-Dhabi-United-Arab-Emirates,Full Time,Accenture -,"Abu Dhabi, United Arab Emirates "
Talent Acquisition Specialist,https://wuzzuf.net/jobs/p/g/vkWXMIVdx1Z6-Talent-Acquisition-Specialist-StatsBomb-Cairo-Egypt,Full Time,StatsBomb -,"Cairo, Egypt "
Head of Data & Analytics -  Large Retail Group,https://wuzzuf.net/jobs/p/g/TaQupJRr4v5r-Head-of-Data-Analytics---Large-Retail-Group-Right-Calibre-Consulting-Dubai-United-Arab-Emirates,Full Time,Right Calibre Consulting -,"Dubai, United Arab Emirates "
Head of Digital Banking Solutions,https://wuzzuf.net/jobs/p/g/uN0Gw3PVtctC-Head-of-Digital-Banking-Solutions-GatedTalent---Connecting-Top-Executive-Search-Firms-And-Executives-Dubai-United-Arab-Emirates,Full Time,GatedTalent - Connecting Top Executive Search Firms And Executives -,"Dubai, United Arab Emirates "
Business Intelligence Assistant Manager,https://wuzzuf.net/jobs/p/g/NSzvVHhpUo9U-Business-Intelligence-Assistant-Manager-Panda-Company-Jeddah-Saudi-Arabia,Full Time,Panda Company -,"Jeddah, Saudi Arabia "
Business Intelligence Assistant Manager,https://wuzzuf.net/jobs/p/g/WPOUdL91WCHG-Business-Intelligence-Assistant-Manager-Panda-Retail-Company-–-Savola-Group-Makkah-Saudi-Arabia,Full Time,Panda Retail Company – Savola Group -,"Makkah, Saudi Arabia "
Artificial Intelligence Specialist,https://wuzzuf.net/jobs/p/g/LsZjt3Ra5ZGH-Artificial-Intelligence-Specialist-ICM-People-do-Brasil-Riyadh-Saudi-Arabia,Full Time,ICM People do Brasil -,"Riyadh, Saudi Arabia "
Cell Lead,https://wuzzuf.net/jobs/p/g/fS3T10dWjVZg-Cell-Lead-JTI-Japan-Tobacco-International-Cairo-Egypt,Full Time,JTI (Japan Tobacco International) -,"Cairo, Egypt "
Sales Engineer - Saudi Arabia,https://wuzzuf.net/jobs/p/g/pbcebhK41zf4-Sales-Engineer---Saudi-Arabia-Corelight-Riyadh-Saudi-Arabia,Full Time,Corelight -,"Riyadh, Saudi Arabia "
DevSecOps Engineer,https://wuzzuf.net/jobs/p/g/XTEEFkBxV1hP-DevSecOps-Engineer-Snoonu-Doha-Qatar,Full Time,Snoonu -,"Doha, Qatar "
QA Lead - Dubai,https://wuzzuf.net/jobs/p/g/R5CskdQbm16T-QA-Lead---Dubai-Phygrid-Dubai-United-Arab-Emirates,Full Time,Phygrid -,"Dubai, United Arab Emirates "
Project Engineer,https://wuzzuf.net/jobs/p/g/jHSWMBF62zAS-Project-Engineer-WestRock-Company-Cairo-Egypt,Full Time,WestRock Company -,"Cairo, Egypt "
Outlet Cashier,https://wuzzuf.net/jobs/p/g/0q3N2mIZAMMI-Outlet-Cashier-Swissôtel-Al-Maqam-Makkah-Dubai-United-Arab-Emirates,Full Time,Swissôtel Al Maqam Makkah -,"Dubai, United Arab Emirates "
Communication Specialist,https://wuzzuf.net/jobs/p/g/tfTjFyUMRfwF-Communication-Specialist-e-construct-Fz-LLC-Cairo-Egypt,Full Time,e.construct Fz LLC -,"Cairo, Egypt "
Communication Specialist,https://wuzzuf.net/jobs/p/g/MlA1NJSWi19c-Communication-Specialist-ECONSTRUCT-DESIGN-BUILD-Pvt-Ltd-Cairo-Egypt,Full Time,ECONSTRUCT DESIGN & BUILD Pvt Ltd. -,"Cairo, Egypt "
Software Engineering Manager,https://wuzzuf.net/jobs/p/g/4nWSpyYzYvBz-Software-Engineering-Manager-CharCentric-Cairo-Egypt,Full Time,CharCentric -,"Cairo, Egypt "
"Customer Sales and Support Center Manager, IND - MENA",https://wuzzuf.net/jobs/p/g/8yHNzbjjStwN-Customer-Sales-and-Support-Center-Manager-IND---MENA-GRUNDFOS-Cairo-Egypt,Full Time,GRUNDFOS -,"Cairo, Egypt "
"Software Engineer ""Backend Engineer"" Cairo, EG",https://wuzzuf.net/jobs/p/g/NlWGhYtPgtXZ-Software-Engineer-Backend-Engineer-Cairo-EG-Incorta-Inc-Cairo-Egypt,Full Time,Incorta Inc -,"Cairo, Egypt "
Senior Azure DevOps & System Automation Engineer,https://wuzzuf.net/jobs/p/g/NaMgJ7EoFEJv-Senior-Azure-DevOps-System-Automation-Engineer-CyberInsight-Ltd-Cairo-Egypt,Full Time,CyberInsight Ltd. -,"Cairo, Egypt "
"Software Engineer ""Backend Engineer""",https://wuzzuf.net/jobs/p/g/lmf8eRI7dDdx-Software-Engineer-Backend-Engineer-Incorta-Cairo-Egypt,Full Time,Incorta -,"Cairo, Egypt "
"Graduate Intern - Professional Services Cairo, EG",https://wuzzuf.net/jobs/p/g/G7HL2f1kS0gt-Graduate-Intern---Professional-Services-Cairo-EG-Incorta-Inc-Cairo-Egypt,Full Time,Incorta Inc -,"Cairo, Egypt "
Sr. Cloud DevOps Engineer,https://wuzzuf.net/jobs/p/g/1YJu4pcLj9Cg-Sr-Cloud-DevOps-Engineer-Ericsson-Cairo-Egypt,Full Time,Ericsson -,"Cairo, Egypt "
AI Developer,https://wuzzuf.net/jobs/p/g/rgIcXMBnUVX0-AI-Developer-iHorizons-Cairo-Egypt,Full Time,iHorizons -,"Cairo, Egypt "
Business System Analyst I - Central Finance,https://wuzzuf.net/jobs/p/g/MYFDT8bEJ5NW-Business-System-Analyst-I---Central-Finance-WhiteCrow-Research-Riyadh-Saudi-Arabia,Full Time,WhiteCrow Research -,"Riyadh, Saudi Arabia "
Vibration Technician,https://wuzzuf.net/jobs/p/g/4ANmWeBo36lk-Vibration-Technician-WestRock-Company-Cairo-Egypt,Full Time,WestRock Company -,"Cairo, Egypt "
Barista - Club Lounge,https://wuzzuf.net/jobs/p/g/TolIqJ3YBAPB-Barista---Club-Lounge-Sofitel-Marrakech-Dubai-United-Arab-Emirates,Freelance / Project,Sofitel Marrakech -,"Dubai, United Arab Emirates "
Electrical Engineer,https://wuzzuf.net/jobs/p/g/3o37pLMwWB5C-Electrical-Engineer-JTI-Japan-Tobacco-International-Cairo-Egypt,Full Time,JTI (Japan Tobacco International) -,"Cairo, Egypt "
Quality Control Inspector,https://wuzzuf.net/jobs/p/g/K4aND0dTuo5v-Quality-Control-Inspector-Weatherford-Dubai-United-Arab-Emirates,Full Time,Weatherford -,"Dubai, United Arab Emirates "
Customer Solutions Specialist,https://wuzzuf.net/jobs/p/g/z0Dpb8NZ6KH5-Customer-Solutions-Specialist-Bosch-Middle-East-Dubai-United-Arab-Emirates,Full Time,Bosch Middle East -,"Dubai, United Arab Emirates "
Senior Accountant,https://wuzzuf.net/jobs/p/g/yci9R91s6j1x-Senior-Accountant-Software-AG-Dubai-United-Arab-Emirates,Full Time,Software AG -,"Dubai, United Arab Emirates "
Consulting | AI&Data | Data Science Senior Manager,https://wuzzuf.net/jobs/p/g/drWeLebtauOX-Consulting-AIData-Data-Science-Senior-Manager-Deloitte-Dubai-United-Arab-Emirates,Full Time,Deloitte -,"Dubai, United Arab Emirates "
"Senior Software Engineer Cairo, EG",https://wuzzuf.net/jobs/p/g/fx7P5ynI3oLy-Senior-Software-Engineer-Cairo-EG-Incorta-Inc-Cairo-Egypt,Full Time,Incorta Inc -,"Cairo, Egypt "
Process Engineer - Utilities,https://wuzzuf.net/jobs/p/g/TO7ZtHUGBgNT-Process-Engineer---Utilities-WestRock-Company-Cairo-Egypt,Full Time,WestRock Company -,"Cairo, Egypt "
Senior Software Engineer,https://wuzzuf.net/jobs/p/g/e8myNzhmzhKR-Senior-Software-Engineer-Incorta-Cairo-Egypt,Full Time,Incorta -,"Cairo, Egypt "
Electrical Project Engineer,https://wuzzuf.net/jobs/p/g/CVDrl57OJiSd-Electrical-Project-Engineer-WestRock-Company-Cairo-Egypt,Full Time,WestRock Company -,"Cairo, Egypt "
"Frontend Engineer Cairo, EG",https://wuzzuf.net/jobs/p/g/IjP0hteR47XV-Frontend-Engineer-Cairo-EG-Incorta-Inc-Cairo-Egypt,Full Time,Incorta Inc -,"Cairo, Egypt "
Vice President - Performance Marketing ( Arabic Speaker),https://wuzzuf.net/jobs/p/g/JZTlIlTRVa2Z-Vice-President---Performance-Marketing-Arabic-Speaker-Edelman-DXI-Dubai-United-Arab-Emirates,Full Time,Edelman DXI -,"Dubai, United Arab Emirates "
IS/IT Specialist- Nespresso UAE,https://wuzzuf.net/jobs/p/g/NrB8vKS2rQR4-ISIT-Specialist--Nespresso-UAE-Nestlé-Nespresso-SA-Dubai-United-Arab-Emirates,Full Time,Nestlé Nespresso SA -,"Dubai, United Arab Emirates "
Sr. DevOps Engineer,https://wuzzuf.net/jobs/p/g/kRdV4xLG1KAl-Sr-DevOps-Engineer-geidea-Cairo-Egypt,Full Time,geidea -,"Cairo, Egypt "
Senior DevOps Engineer,https://wuzzuf.net/jobs/p/g/6Bu373FopyO2-Senior-DevOps-Engineer-geidea-Cairo-Egypt,Full Time,geidea -,"Cairo, Egypt "
Delivery Manager-E&P Analytics & Insights,https://wuzzuf.net/jobs/p/g/zC7Nt03ZNmG8-Delivery-Manager-EP-Analytics-Insights-Coca-Cola-HBC-Cairo-Egypt,Full Time,Coca-Cola HBC -,"Cairo, Egypt "
Executive Assistant (Globally remote),https://wuzzuf.net/jobs/p/g/HxQeLp2RWkT9-Executive-Assistant-Globally-remote-Amini-Dubai-United-Arab-Emirates,Full Time,Amini -,"Dubai, United Arab Emirates "
On Site Services - Gas Specialist,https://wuzzuf.net/jobs/p/g/f6PsA0w2p9HV-On-Site-Services---Gas-Specialist-GE-Vernova-Cairo-Egypt,Full Time,GE Vernova -,"Cairo, Egypt "
Lead Writer at Sand Technologies,https://wuzzuf.net/jobs/p/g/NiHtEr1dVGwX-Lead-Writer-at-Sand-Technologies-Remotework-Dubai-United-Arab-Emirates,Full Time,Remotework -,"Dubai, United Arab Emirates "
PROJECT PORTFOLIO MANAGER,https://wuzzuf.net/jobs/p/g/04H2a9UA17ZK-PROJECT-PORTFOLIO-MANAGER-Oracle-Dubai-United-Arab-Emirates,Full Time,Oracle -,"Dubai, United Arab Emirates "
Regional Sales Manager META,https://wuzzuf.net/jobs/p/g/wI5P8759fa0f-Regional-Sales-Manager-META-SentinelOne-Riyadh-Saudi-Arabia,Full Time,SentinelOne -,"Riyadh, Saudi Arabia "
QA Automation Engineer,https://wuzzuf.net/jobs/p/g/FQTJ77fd3eEr-QA-Automation-Engineer-Gulf-Business-Machines-PND-Riyadh-Saudi-Arabia,Full Time,Gulf Business Machines PND -,"Riyadh, Saudi Arabia "
Technical Product Owner,https://wuzzuf.net/jobs/p/g/nMiSxicvCHz4-Technical-Product-Owner-Ericsson-Cairo-Egypt,Full Time,Ericsson -,"Cairo, Egypt "
Cloud Tech Lead [Palantir Foundry],https://wuzzuf.net/jobs/p/g/MnOIiKfvQdeQ-Cloud-Tech-Lead-Palantir-Foundry-Merck-Group-Cairo-Egypt,Full Time,Merck Group -,"Cairo, Egypt "
Cloud Backend Developer,https://wuzzuf.net/jobs/p/g/e9GCfKCTp0xL-Cloud-Backend-Developer-Ericsson-Cairo-Egypt,Full Time,Ericsson -,"Cairo, Egypt "
Channel Sales Manager,https://wuzzuf.net/jobs/p/g/hiHJFmPeGpjz-Channel-Sales-Manager-WEKA-Dubai-United-Arab-Emirates,Full Time,WEKA -,"Dubai, United Arab Emirates "
Mechanical Design Engineer,https://wuzzuf.net/jobs/p/g/OWuO1W6jI1Fy-Mechanical-Design-Engineer-Raqtan-Riyadh-Saudi-Arabia,Full Time,Raqtan -,"Riyadh, Saudi Arabia "
Performance Marketing Lead,https://wuzzuf.net/jobs/p/g/zej6QZOckINC-Performance-Marketing-Lead-Edelman-DXI-Dubai-United-Arab-Emirates,Full Time,Edelman DXI -,"Dubai, United Arab Emirates "
Sr. Cloud Backend Developer,https://wuzzuf.net/jobs/p/g/EKWhmGtdVF5b-Sr-Cloud-Backend-Developer-Ericsson-Cairo-Egypt,Full Time,Ericsson -,"Cairo, Egypt "
Data Analyst - GLOBALLY REMOTE,https://wuzzuf.net/jobs/p/g/z31As1XGm4gl-Data-Analyst---GLOBALLY-REMOTE-Amini-Dubai-United-Arab-Emirates,Full Time,Amini -,"Dubai, United Arab Emirates "
Senior Enterprise Account Executive,https://wuzzuf.net/jobs/p/g/iWk3AwvHlEwf-Senior-Enterprise-Account-Executive-udacity-Riyadh-Saudi-Arabia,Full Time,udacity -,"Riyadh, Saudi Arabia "
"Software Development in Test Cairo, EG",https://wuzzuf.net/jobs/p/g/ER72Z5w3mzD3-Software-Development-in-Test-Cairo-EG-Incorta-Inc-Cairo-Egypt,Full Time,Incorta Inc -,"Cairo, Egypt "
QNB2683-Senior Associate Sponsorships (Qatarization),https://wuzzuf.net/jobs/p/g/w1rQUObkXItD-QNB2683-Senior-Associate-Sponsorships-Qatarization-QNB-Group-Doha-Qatar,Full Time,QNB Group -,"Doha, Qatar "
Software Development in Test,https://wuzzuf.net/jobs/p/g/pxx5balrq7EG-Software-Development-in-Test-Incorta-Cairo-Egypt,Full Time,Incorta -,"Cairo, Egypt "
Principal Cloud Developer,https://wuzzuf.net/jobs/p/g/NdxZ3CA1jmdw-Principal-Cloud-Developer-Ericsson-Cairo-Egypt,Full Time,Ericsson -,"Cairo, Egypt "
Non-Destructive Testing Engineer,https://wuzzuf.net/jobs/p/g/Jj7Dslkhjc6A-Non-Destructive-Testing-Engineer-aramco-Riyadh-Saudi-Arabia,Full Time,aramco -,"Riyadh, Saudi Arabia "
HR Data Scientist | Group HR,https://wuzzuf.net/jobs/p/g/20khihh9Xol8-HR-Data-Scientist-Group-HR-Al-Futtaim-Health-Dubai-United-Arab-Emirates,Full Time,Al-Futtaim Health -,"Dubai, United Arab Emirates "
Deloitte Consulting | Fresh Graduates | Emiratis,https://wuzzuf.net/jobs/p/g/tnA9sV89i8pe-Deloitte-Consulting-Fresh-Graduates-Emiratis-Deloitte-Dubai-United-Arab-Emirates,Full Time,Deloitte -,"Dubai, United Arab Emirates "
"QNB2862-Assistant Vice President, Data Science",https://wuzzuf.net/jobs/p/g/ldKFIH06PByl-QNB2862-Assistant-Vice-President-Data-Science-QNB-Group-Doha-Qatar,Full Time,QNB Group -,"Doha, Qatar "
"Solution Consultant, Doha",https://wuzzuf.net/jobs/p/g/GpMkzJRdbSEO-Solution-Consultant-Doha-Denodo-Riyadh-Saudi-Arabia,Full Time,Denodo -,"Riyadh, Saudi Arabia "
KEY ACCOUNT DIRECTOR EVENTS (f/m/d) - PHARMA,https://wuzzuf.net/jobs/p/g/XFJVbejsfxgR-KEY-ACCOUNT-DIRECTOR-EVENTS-fmd---PHARMA-Egg-Dubai-United-Arab-Emirates,Full Time,Egg -,"Dubai, United Arab Emirates "
FullStack Developer,https://wuzzuf.net/jobs/p/g/OsyldLJ8ElZW-FullStack-Developer-Gulf-Business-Machines-PND-Riyadh-Saudi-Arabia,Full Time,Gulf Business Machines PND -,"Riyadh, Saudi Arabia "
Solution Consultant Middle East,https://wuzzuf.net/jobs/p/g/Ogel57FHMpMv-Solution-Consultant-Middle-East-Denodo-Riyadh-Saudi-Arabia,Full Time,Denodo -,"Riyadh, Saudi Arabia "
QNB2659-Senior Manager HR Business Partner,https://wuzzuf.net/jobs/p/g/p409skcfwbGD-QNB2659-Senior-Manager-HR-Business-Partner-QNB-Group-Doha-Qatar,Full Time,QNB Group -,"Doha, Qatar "
"QNB2863-Senior Manager, Data Analysis",https://wuzzuf.net/jobs/p/g/iZvhGt8ZFWuH-QNB2863-Senior-Manager-Data-Analysis-QNB-Group-Doha-Qatar,Full Time,QNB Group -,"Doha, Qatar "
"Sr Solutions Architect, AGS-EMEA-Field-MENAT-PS ENT - Testing V2 Feed",https://wuzzuf.net/jobs/p/g/LKShSSkgwl8a-Sr-Solutions-Architect-AGS-EMEA-Field-MENAT-PS-ENT---Testing-V2-Feed-Amazon-Web-Services-AWS-Dubai-United-Arab-Emirates,Full Time,Amazon Web Services (AWS) -,"Dubai, United Arab Emirates "
Test Automation Engineer,https://wuzzuf.net/jobs/p/g/k4GiyIdVjCwN-Test-Automation-Engineer-Ericsson-Cairo-Egypt,Full Time,Ericsson -,"Cairo, Egypt "
QNB2884-Senior Manager Recruitment Sourcing,https://wuzzuf.net/jobs/p/g/om5u3JC1PmgG-QNB2884-Senior-Manager-Recruitment-Sourcing-QNB-Group-Doha-Qatar,Full Time,QNB Group -,"Doha, Qatar "
Production Assistant,https://wuzzuf.net/jobs/p/g/d9N46ifaqewz-Production-Assistant-SNAP14-Production-Cairo-Egypt,Full Time,SNAP14 Production -,"Cairo, Egypt "
Business Intelligence Developer / Data Management Engineer,https://wuzzuf.net/jobs/p/g/Kx2a6MSttapd-Business-Intelligence-Developer-Data-Management-Engineer-Prometeia-Cairo-Egypt,Full Time,Prometeia -,"Cairo, Egypt "
Oracle Functional Test Lead,https://wuzzuf.net/jobs/p/g/OVIRpfMchggn-Oracle-Functional-Test-Lead-Cognizant-Riyadh-Saudi-Arabia,Full Time,Cognizant -,"Riyadh, Saudi Arabia "
Global Svc Methodology Manager,https://wuzzuf.net/jobs/p/g/u6kA3pKo0ukj-Global-Svc-Methodology-Manager-ADP-Dubai-United-Arab-Emirates,Freelance / Project,ADP -,"Dubai, United Arab Emirates "
Customer Relation Center Specialist,https://wuzzuf.net/jobs/p/g/b4n77yZQNosE-Customer-Relation-Center-Specialist-Nestlé-Nespresso-SA-Makkah-Saudi-Arabia,Full Time,Nestlé Nespresso SA -,"Makkah, Saudi Arabia "
Cloud DevOps Engineer,https://wuzzuf.net/jobs/p/g/XaHcolzCH0bq-Cloud-DevOps-Engineer-SMART-Technology-Solutions-Cairo-Egypt,Full Time,SMART Technology Solutions -,"Cairo, Egypt "
Business Development Manager,https://wuzzuf.net/jobs/p/g/MWQ45iHi2cUf-Business-Development-Manager-Frost-Sullivan-Riyadh-Saudi-Arabia,Full Time,Frost & Sullivan -,"Riyadh, Saudi Arabia "
EMEA Start up Venture Capital,https://wuzzuf.net/jobs/p/g/983ArMJCsLpZ-EMEA-Start-up-Venture-Capital-Oracle-Dubai-United-Arab-Emirates,Full Time,Oracle -,"Dubai, United Arab Emirates "
Product Manager,https://wuzzuf.net/jobs/p/g/A9i8xc1PzsAH-Product-Manager-Lean-Technologies-Riyadh-Saudi-Arabia,Full Time,Lean Technologies -,"Riyadh, Saudi Arabia "
QTMS Tester,https://wuzzuf.net/jobs/p/g/uEOiojVlt9Of-QTMS-Tester-Cognizant-Riyadh-Saudi-Arabia,Full Time,Cognizant -,"Riyadh, Saudi Arabia "
Chief Engineer,https://wuzzuf.net/jobs/p/g/wvrRc7G1q7sG-Chief-Engineer-Ennismore-Kuwait-City-Kuwait,Full Time,Ennismore -,"Kuwait City, Kuwait "
Senior Techno-Functional Consultant/Technical Lead Oracle Technology PaaS4SaaS (OIC) # Join OFS,https://wuzzuf.net/jobs/p/g/oF0HObQdc4Wv-Senior-Techno-Functional-ConsultantTechnical-Lead-Oracle-Technology-PaaS4SaaS-OIC-Join-OFS-Oracle-Cairo-Egypt,Full Time,Oracle -,"Cairo, Egypt "
Data Insights Analyst,https://wuzzuf.net/jobs/p/g/4MKCrxNAs0Cc-Data-Insights-Analyst-Sonymusic-Dubai-United-Arab-Emirates,Full Time,Sonymusic -,"Dubai, United Arab Emirates "
